{
  "score_without_citations": 91.4571428571429,
  "score_with_citations": 88.37249607520748
}