{
  "score_without_citations": 79.2285714285714,
  "score_with_citations": 80.19387452824952
}